{
  "MAP": 0.04306503890252685,
  "P@1": 0.86,
  "R@1": 0.003038752401115144,
  "NDCG@1": 0.86,
  "P@5": 0.7547999999999999,
  "R@5": 0.013449462046317105,
  "NDCG@5": 0.7764630251861108,
  "P@10": 0.7132000000000001,
  "R@10": 0.025350905183735166,
  "NDCG@10": 0.7400579202487781,
  "P@20": 0.6751999999999999,
  "R@20": 0.04769470309839676,
  "NDCG@20": 0.703766733752692
}